Street Name,Map Page
A
ABBEY RD,528
ABERDEEN PL,492
ABINGTON DR,531
ABRAMS CREEK DR,525
ABRAMS POINTE BLVD,516
ABRAMS POINTE BLVD,517
ACADEMY LN,499
ACADEMY LN,500
ACCOMACK CIR,606
ADAMS DR,538
ADMIRAL BYRD DR,563
AEROBIC DR,590
AEROBIC DR,591
AGAPE WAY,578
AGAPE WAY,579
AGAPE WAY,587
AIRMAN WAY,562
AIRPORT RD,562
AIRPORT RD,563
AIRPORT RD,564
AIRPORT RD,571
"AIRPORT RD, CIRCLE",571
ALBEMARLE CT,606
ALBEMARLE CT,616
ALBIN DR,607
ALDIE BURN CT,599
ALLEGHANY CT,616
ALLEN DR,502
ALLEN DR,514
ALLEN ST,502
ALLISON AVE,487
ALLSTON CIR,560
ALPINE MEADOW RD,532
ALTA VISTA DR,503
ALTA VISTA DR,515
AMBROSE DR,471
AMELIA AVE,606
AMELIA AVE,616
AMETHYST CT,617
AMHERST CT,616
AMHERST ST,485
AMHERST ST,486
AMHERST ST,487
AMHERST ST,499
AMHERST ST,500
AMY AVE,481
ANDALUSIAN CT,589
ANDALUSIAN CT,590
ANDERSON AVE,503
ANDERSON ST,531
ANDERSON ST,544
ANDREW AVE,481
APPLE BLOSSOM DR,526
APPLE PIE RIDGE RD,462
APPLE PIE RIDGE RD,465
APPLE PIE RIDGE RD,469
APPLE PIE RIDGE RD,470
APPLE ST,490
APPLE VALLEY RD,558
APPLE VALLEY RD,565
APPLE VALLEY RD,566
APPLECROFT RD,549
APPLESEED CT,523
APPOMATTOX DR,607
APPOMATTOX DR,617
APRIL AVE,627
ARBOR CT,564
ARDEYTH LN,530
ARLENE CT,650
ARMEL RD,611
ARMISTEAD ST,497
ARMISTEAD ST,509
ARMISTEAD ST,510
ARMOUR DALE,559
ARMSTRONG CIR,527
ARMSTRONG CIR,528
ARMSTRONG PL,528
ARTHUR LN,530
ARTIFACT AVE,482
ARTIFACT AVE,492
ARTILLERY RD,506
ASBURY CT,505
ASBURY RD,505
ASBURY RD,506
ASH HOLLOW DR,504
ASHBURN ST,512
ASHLEY CIR,545
ASHLEY DR,545
ASHTON DR,464
ASHTON DR,469
ASPEN DR,597
ASPEN DR,598
ASTORIA CT,504
ASTORIA CT,516
ATOKA DR,529
ATWELL AVE,491
ATWELL AVE,503
AUBURN HILL CT,599
AULEE CT,532
AURORA LN,515
AURORA LN,516
AUTUMN VIEW LN,471
AUTUMN VIEW LN,478
AVERRELL AVE,482
AVERRELL AVE,492
AVIATION DR,563
AVIATION DR,570
AVIATOR PL,562
AVON CT,489
AYLOR RD,597
AYLOR RD,606
AYLOR RD,607
AYLOR RD,605
AYLOR RD,615
AYRSHIRE CT,598
AZALEA LN,514
B
BACKBURNS FORD DR,608
BAKER LN,481
BAKER LN,490
BAKER LN,491
BAKER LN,502
BAKER ST,488
BAKER ST,489
BAKER ST,501
BALDWIN ST,550
BALDWIN ST,551
BALLS BLUFF WAY,609
BALLYGAR DR,521
BALLYGAR DR,534
BANBURY TER,491
BANCROFT LN,599
BANCROFT LN,609
BARB CT,609
BARBADOS PL,607
BARKSDALE LN,510
BARKSDALE LN,523
BARKWOOD DR,625
BARKWOOD DR,624
BARLEY DR,605
BARLEY DR,615
BARNSTON CT,540
BARNSTON CT,541
BARR AVE,511
BARRINGTON LN,491
BATTAILE DR,559
BATTAILE DR,560
BATTAILE DR,566
BATTERY DR,524
BATTERY DR,525
BATTLE AVE,490
BATTLE AVE,502
BATTLE PARK DR,559
BATTLEFIELD DR,505
BATTLEFIELD DR,506
BAYBERRY CT,608
BAYBREEZE CT,516
BEAU ST,489
BEAU ST,490
BEDFORD DR,531
BEDFORD DR,532
BEDFORD DR,544
BEDFORD PL,616
BEECHCROFT RD,549
BEECHCROFT RD,550
BEEHIVE WAY,523
BELL AIR ST,614
BELL AIR ST,615
BELL HAVEN CIR,588
BELL HAVEN CIR,598
BELLVIEW AVE,511
BELLVIEW AVE,524
BELLVIEW AVE,525
BENTLEY AVE,569
BENTLEY AVE,570
BENTPATH CT,532
BERKSHIRE CIR,491
BERKSHIRE CT,615
BERRYVILLE AVE,501
BERRYVILLE AVE,502
BERRYVILLE AVE,503
BERRYVILLE ENTER RAMP N,491
BERRYVILLE ENTER RAMP N,503
BERRYVILLE ENTER RAMP S,503
BERRYVILLE EXIT RAMP N,503
BERRYVILLE EXIT RAMP S,491
BERRYVILLE EXIT RAMP S,503
BERRYVILLE PIKE,493
BERRYVILLE PIKE,494
BERRYVILLE PIKE,503
BERRYVILLE PIKE,504
BERRYVILLE PIKE,505
BERRYVILLE PIKE,506
BERRYVILLE PIKE,507
BERWICK LN,599
BERWICK LN,609
BICKERS ST,537
BIG LIMB LN,625
BIG LIMB LN,624
BILLINGS ALY,500
BILLINGS ALY,501
BING CT,528
BITTERSWEET CT,536
BLACK WALNUT CT,607
BLACKBURNS FORD DR,608
BLACKBURNS FORD DR,609
BLACKPOWDER CT,472
BLACKWATER CT,587
BLACKWATER CT,588
BLANCHE CIR,518
BLEEDING HEART DR,619
BLOSSOM DR,505
BLUE RIDGE TER,536
BLUE RIDGE TER,549
BLUEBELL CT,517
BLUEBELL CT,530
BLUEBIRD DR,596
BLUEBIRD DR,606
BLUEBIRD DR,607
BLUETS DR,619
BONNINGS DR,492
BOTANICAL BLVD,485
BOTETOURT CT,616
BOUNDARY AVE,528
BOWLING GREEN CIR,599
BOYD AVE,502
BOYDTON PLANK DR,609
BRABANT DR,589
BRABANT DR,590
BRABANT DR,599
BRABANT DR,600
BRADFORD CT,550
BRAEBURN DR,491
BRAMBLE CT,528
BRANCH CT,634
BRANCH CT,633
BRANDON DR,511
BRANDON DR,524
BRANDON PL,511
BRANDY LN,625
BRANDY LN,626
BRANDY LN,635
BRANDYLION CT,598
BRANDYLION DR,598
BRANDYLION DR,599
BRANNER AVE,487
BRANNER CIR,487
BRAXTON CT,518
BRECKINRIDGE LN,497
BRECKINRIDGE LN,498
BRECKINRIDGE LN,510
BRENDA CT,479
BRENTON CT,610
BRIARMONT DR,499
BRIARMONT DR,500
BRICK KILN RD,479
BRICK KILN RD,489
BRICK KILN RD,490
BRIDGEFORTH DR,514
BRIDGEWATER DR,608
BRIDGEWATER DR,618
BRIDGEWATER DR,619
BRIDLE CT,615
BRIGATINE DR,599
BRIGSTOCK DR,552
BRIGSTOCK DR,562
BRISTOW MANOR LN,599
BROAD AVE,531
BROAD AVE,544
BROADVIEW ST,550
BROADVIEW ST,551
BROCKHAM CT,531
BROOKDALE CT,510
BROOKE RD,473
BROOKE RD,474
BROOKE RD,479
BROOKE RD,480
BROOKFIELD DR,559
BROOKLAND CT,504
BROOKLAND LN,504
BROOKLAND LN,516
BROOKLAND TER,504
BROWN ST,503
BRUCE DR,550
BRUCE ST,490
BRUCE ST,502
BRUNSWICK RD,616
BRUNSWICK RD,615
BUCHANNAN DR,616
BUCHANNAN DR,617
BUCKINGHAM DR,616
BUCKINGHAM DR,615
BUCKNER DR,498
BUCKWOOD LN,566
BUFFLICK RD,552
BUFFLICK RD,553
BUFFLICK RD,563
BULL RUN CT,609
BURTON AVE,524
BUTLER AVE,489
BUTLER AVE,490
BUTTERCUP DR,619
BUTTERHOUSE CT,531
BUTTERNUT DR,597
BUTTERSCOTCH CT,565
BUTTON BUSH AVE,607
BUTTON BUSH AVE,608
C
CABERNET CT,608
CAHILLE DR,528
CAHILLE DR,541
CALDWELL LN,567
CALDWELL LN,568
CALEDON CT,586
CALEDON CT,587
CALIBER CT,471
CALIBER CT,472
CALICO CT,565
CALLAWAY CT,600
CAMARUGE CT,589
CAMBRIDGE PL,497
CAMDEN DR,506
CAMDEN DR,518
CAMELLIA CT,588
CAMPBELL LN,631
CAMPBELL LN,637
CANAAN CT,588
CANDLEWICK DR,565
CANNON CIR,506
CANTERBURY LN,462
CANYON RD,531
CANYON RD,532
CANYON RD,545
CAPITOL LN,566
CAPITOL LN,567
CAPON WAY,587
CAPPERS ALY,489
CARDINAL LN,505
CARNMORE DR,527
CARNMORE DR,528
CARNMORE DR,540
CARNOUSTIE LN,599
CARNOUSTIE LN,609
CAROLINE AVE,606
CAROLINE AVE,607
CAROLINE AVE,616
CAROLINE ST,477
CAROLYN AVE,650
CARPERS DR,471
CARRIEBROOKE DR,579
CARROLL DR,616
CARROLL DR,615
CARROLTON DR,592
CARTER PL,515
CARTERS LN,592
CARTERS LN,602
CASCADE CIR,587
CASPIAN DR,599
CASPIAN DR,609
CASSIDY CT,549
CASTLEBRIDGE CT,562
CASTLEMAN DR,511
CATHER AVE,524
CAVALRY DR,506
CEDAR CIR,536
CEDAR CREEK ENTER RAMP N,534
CEDAR CREEK ENTER RAMP S,534
CEDAR CREEK EXIT RAMP N,534
CEDAR CREEK EXIT RAMP S,534
CEDAR CREEK GR,523
CEDAR CREEK GR,535
CEDAR CREEK GR,536
CEDAR CREEK GR,537
CEDAR CREEK GR,534
CEDAR LN,636
CEDAR MOUNTAIN DR,608
CEDAR MOUNTAIN DR,609
CEDARMEADE AVE,550
CENTRE DR,626
CHAMBERLAIN CT,492
CHAMBERSVILLE LN,485
CHAMPLAIN PL,492
CHANCELLOR CT,601
CHANCELLORSVILLE DR,609
CHANCELLORSVILLE DR,619
CHANNING DR,518
CHANNING DR,531
CHAPEL RD,642
CHAPEL RD,645
CHAPEL RD,646
CHARDONNAY DR,607
CHARDONNAY DR,608
CHARDONNAY DR,618
CHARLES ST,501
CHARLTON RD,518
CHASE ST,489
CHASE ST,501
CHATHAM SQ,491
CHELAN PL,493
CHELSEA DR,523
CHELTENHAM DR,598
CHELTENHAM DR,599
CHELTENHAM DR,608
CHERRY HILL CIR,515
CHESHIRE CT,519
CHESTERFIELD CIR,616
CHESTNUT CIR,614
CHESTNUT ST,502
CHEVIOT PL,607
CHINKAPIN DR,587
CHINKAPIN DR,588
CHINKAPIN DR,597
CHIPLEY DR,603
CHIPLEY DR,613
CHRISTOPHER ST,502
CHURCH ST,649
CHURCH ST,650
CHURCHILL DR,617
CHURCHILL DR,618
CIDERMILL LN,523
CIRCLE DR,551
CIRCLE DR,561
CIRCLE ST,481
CIVES LN,473
CLARENDON CT,540
CLARK-VILLE DR,471
CLARK ST,488
CLARK ST,489
CLAYHILL DR,535
CLAYHILL DR,548
CLAYTON RIDGE DR,510
CLAYTON RIDGE DR,523
CLEARWATER CT,587
CLEARWATER CT,597
CLEBURNE LN,498
CLEVENGER CT,477
CLOVERDALE CT,505
CLOVERDALE CT,517
CLUSERET CT,492
CLYDESDALE DR,600
COBBLE STONE DR,518
COBBLE STONE DR,519
COLE LN,504
COLIN CT,485
COLIN CT,497
COLIN DR,485
COLIN DR,497
COLLINGTON CT,599
COLSTON PL,524
COLUMBIA CIR,607
COLUMBINE DR,619
COMBE DR,532
COMER DR,605
COMER DR,615
COMMERCE ST,512
COMMERCE ST,525
COMMERCE ST,645
COMMERCE ST,649
COMMONWEALTH CT,572
COMSTOCK CT,492
CONDOR CT,607
CONESTOGA LN,630
CONFEDERATE DR,490
CONFEDERATE DR,491
CONFERENCE CENTER DR,485
CONFIDENCE LN,651
CONRAD CT,492
CONWAY ST,502
CONWAY ST,503
COOL SPRING DR,609
COOL SPRING DR,619
COOLFONT LN,504
COOLFONT LN,516
COOPWORTH CT,607
COPPERFIELD LN,504
CORNERSTONE CT,549
CORNERSTONE CT,550
CORNWALLIS CT,549
CORRAL DR,599
CORRAL DR,600
CORRAL DR,610
COSTELLO DR,539
COSTELLO DR,540
COSTELLO DR,553
COTSWOLD CT,607
COTTAGE DR,477
COTTAGE DR,478
COTTONWOOD AVE,607
COTTONWOOD AVE,608
COUGILL RD,642
COUGILL RD,643
COUGILL RD,646
COUNTRY CLUB CIR,515
COUNTRY PARK DR,516
COUNTRY PARK DR,529
COURTFIELD AVE,499
COVERSTONE DR,553
COVINGTON LN,491
COVINGTON LN,503
CRAIG CT,606
CRAIG DR,598
CRAIG DR,608
CRAIG DR,609
CRANBERRY CT,565
CRANBERRY CT,566
CREEKSIDE LN,559
CRESENT DR,549
CRESENT DR,550
CREST CIR,515
CRESTLEIGH DR,528
CRESTVIEW TER,536
CRESTWOOD LN,565
CRESTWOOD LN,566
CRISMAN AVE,536
CROCK WELLS MILL DR,485
CROCK WELLS MILL DR,484
CROMWELL CT,540
CROOKED LN,604
CROOKED LN,614
CROSS KEYS CIR,609
CROSS KEYS PL,608
CROSSOVER,464
CROSSOVER,471
CROSSOVER,485
CROSSOVER,484
CROSSOVER,582
CROSSOVER,590
CROSSOVER,600
CROSSWAY DR,503
CROSSWAY DR,504
CRYSTAL CT,536
CRYSTAL LAKE CT,588
CUMBERLAND CT,617
CUSTER AVE,540
CUSTER AVE,541
CUTSHAWS CT,492
CYPRESS WAY,649
D
DAIRY CORNER PL,503
DALE CT,515
DALTON PL,510
DALTON PL,511
DANIEL TER,536
DANIEL TER,549
DARBY DR,528
DARBY DR,541
DARLINGTON DR,471
DARRVIEW ST,501
DARTMOOR DR,590
DAWSON DR,565
DEEP BOTTOM PL,608
DEER HILL CT,617
DELCO PLZ,539
DELCO PLZ,540
DELL CT,545
DENNY LN,493
DENNY LN,505
DESTINY DR,578
DEWBERRY DR,528
DEWBERRY DR,540
DEWBERRY DR,541
DIAMOND CT,504
DICK TURPIN CT,609
DICKENSON CT,617
DIEHL ST,501
DINKLE DR,503
DINWIDDIE CT,617
DIXIE BELLE DR,531
DIXIE BELLE DR,544
DODGE AVE,503
DOGWOOD RD,505
DOLLIE MAE LN,624
DOLLIE MAE LN,633
DONEGAL CT,540
DONNA CIR,505
DOOLIN AVE,541
DORNACH CT,598
DOTS WAY,517
DOUBLE CHURCH RD,605
DOUBLE CHURCH RD,616
DOUBLE CHURCH RD,615
DOUBLE CHURCH RD,625
DOUBLE CHURCH RD,634
DOUBLE CHURCH RD,640
DOUBLE CHURCH RD,641
DOUGLAS ST,523
DOUGLAS ST,536
DOVER DR,531
DOWELL J. CIR,503
DOWNING CIR,615
DRAGONFLY WAY,633
DRAPPER AVE,482
DRAPPER AVE,492
DRIFTWOOD DR,625
DRIFTWOOD DR,624
DRUID HILL PL,592
DULLES CIR,549
DUNER CT,541
DUNLAP ST,490
DUNLAP ST,502
DURHAM CT,531
DUTTON PL,497
DWAYNE PL,492
E
E BOND ST,512
E BOSCAWEN ST,500
E BOSCAWEN ST,501
E CECIL ST,500
E CLIFFORD ST,500
E CLIFFORD ST,501
E COMMERCIAL ST,489
E CORK ST,500
E CORK ST,501
E CORK ST,513
E CORK ST,514
E FAIRFAX LN,500
E FAIRFAX LN,501
E FOWLER DR,492
E GERMAIN ST,512
E GERRARD ST,512
E HART ST,512
E JAMES ST,512
E LEICESTER ST,500
E LEICESTER ST,512
E MONMOUTH ST,512
E NORTH AVE,489
E OATES AVE,479
E OATES AVE,489
E PALL MALL ST,512
E PALL MALL ST,513
E PICCADILLY ST,500
E PICCADILLY ST,501
E SOUTHWERK ST,512
E TEVIS ST,550
E TEVIS ST,551
E WHITLOCK AVE,512
E WHITLOCK AVE,525
E WYCK ST,489
EAGLE DR,513
EAGLE PL,513
EARLY DR,490
EARLY DR,491
EAST ST,501
EASTSIDE LN,503
ECHO LN,464
ECHO LN,469
ECHO LN,475
ECHO LN,476
ECHO LN,485
ECKARD CIR,504
ECKARD CIR,505
EDDYS LN,520
EDDYS LN,533
EDGEWOOD DR,544
EDGEWOOD DR,545
EDMONSON LN,542
EDMONSON LN,543
ELAINE DR,517
ELDERBERRY CT,470
ELDERBERRY DR,470
ELDERBERRY DR,471
ELDERBERRY DR,477
ELDERBERRY DR,478
ELEANOR LN,507
ELIZABETH DR,616
ELK ST,489
ELK ST,501
ELM ST,502
ELMWOOD RD,562
ELMWOOD RD,569
EMILY LN,517
EMORY CT,618
EQUESTRIAN DR,587
EQUESTRIAN DR,597
ESSEX CIR,606
ESSEX CIR,616
ESSEX CT,606
ESTEP RD,613
ESTEP RD,614
ETNAM ST,540
EVENDALE LN,573
EVENDALE LN,574
EVENDALE LN,575
EVERETTE PL,517
EVETTE PL,506
EWELL ST,490
EWINGS LN,624
EWINGS LN,633
EXETER DR,470
EXMOOR CT,599
EXMOOR CT,600
EXMOOR CT,610
F
FAIR LAWN CT,588
FAIR LAWN CT,598
FAIRFAX  ENTER RAMP S,615
FAIRFAX  ENTER RAMP S,623
FAIRFAX DR,617
FAIRFAX ENTER RAMP N,615
FAIRFAX EXIT RAMP N,615
FAIRFAX EXIT RAMP N,623
FAIRFAX EXIT RAMP N,624
FAIRFAX EXIT RAMP S,615
FAIRFAX PIKE,615
FAIRFAX PIKE,625
FAIRFAX PIKE,626
FAIRFAX PIKE,627
FAIRFAX PIKE,628
FAIRFAX PIKE,629
FAIRFAX PIKE,624
FAIRFAX ST,614
FAIRFAX ST,615
FAIRFIELD DR,528
FAIRFIELD DR,541
FAIRMONT AVE,478
FAIRMONT AVE,488
FAIRMONT AVE,500
FAIRVIEW AVE,489
FAIRVIEW AVE,501
FAIRWAY DR,514
FAIRWAY DR,515
FALABELLA DR,589
FALABELLA DR,590
FALCON CT,606
FAMILY DR,621
FAMILY DR,630
FAMILY DR,631
FANCY CT,609
FARMINGTON BLVD,517
FARMINGTON BLVD,530
FARMINGTON BLVD,531
FARMVIEW DR,605
FARMVIEW DR,615
FAY ST,572
FEATHERBED LN,525
FENWICK CT,504
FENWICK CT,516
FERN CT,532
FIDDLER AVE,482
FIDDLER AVE,492
FIFTH ST,649
FIFTH ST,650
FIFTH ST,653
FIFTH ST,654
FILBERT ST,614
FILBERT ST,615
FINCH CT,606
FIREWEED DR,619
FIRST MANASSAS PL,609
FIRST ST,560
FIRST ST,646
FIRST ST,650
FIRST WOODS DR,493
FIRST WOODS DR,494
FISHERS HILL CT,609
FLANAGAN DR,527
FLANAGAN DR,540
FOREMAN LN,471
FOREST LAKE DR,636
FORGET ME NOT DR,619
FORREST DR,481
FORT BRADDOCK ST,477
FORT COLLIER RD,480
FORT COLLIER RD,490
FORT COLLIER RD,491
FORT COLLIER RD,502
FORTRESS DR,471
FORTRESS DR,472
FOURTH ST,645
FOURTH ST,649
FOURTH ST,650
FOX CT,470
FOX DR,470
FOX DR,477
FOX DR,486
FOX DR,487
FOXBURY LN,528
FOXGLOVE DR,517
FOXRIDGE LN,470
FRANCES CIR,518
FRANKLIN ST,502
FREDERICK AVE,502
FREDERICK RD,606
FREDERICKSBURG DR,608
FREDERICKSBURG DR,609
FREDERICKTOWNE DR,606
FREDERICKTOWNE DR,607
FREDERICKTOWNE DR,616
FREDERICKTOWNE DR,617
FREDERICKTOWNE DR,615
FREEDOM CIR,505
FREETON CT,616
FREMONT ST,489
FRIES LOOP RD,611
FRIESIAN DR,590
FRONT DR,551
FRONT DR,552
FRONT ROYAL PIKE,539
FRONT ROYAL PIKE,552
FRONT ROYAL PIKE,562
FRONT ROYAL PIKE,569
FRONT ROYAL PIKE,575
FRONT ROYAL PIKE,582
FRONT ROYAL PIKE,590
FRONT ROYAL PIKE,600
FRONT ROYAL PIKE,610
FRONT ROYAL PIKE,611
FRONTAGE RD,526
FRONTAGE RD,539
FULL HOUSE DR,473
G
GARBER LN,539
GARDEN CT,550
GARDEN GATE DR,623
GARDEN GATE DR,624
GARDEN GATE DR,633
GATE STONE LN,599
GATEWAY DR,491
GATEWAY DR,503
GATEWAY DR,504
GENEVA PL,493
GEORGE ST,477
GEORGE ST,487
GEORGETOWNE CT,616
GEORGETOWNE CT,625
GERMAIN ST,614
GERMAIN ST,615
GETTY LN,492
GETTY LN,504
GIBBENS ST,489
GINGER ST,507
GLAIZE AVE,525
GLASGOW CT,599
GLASGOW CT,609
GLEN LEA CT,488
GLENDALE CIR,514
GLENOAK CT,624
GLENRIDGE DR,545
GLENTAWBER RD,465
GLENTAWBER RD,466
GLOUCESTER DR,462
GLOUCESTER DR,463
GLOUCESTER DR,465
GODWIN CT,531
GODWIN CT,532
GOLDEN POND CIR,588
GOLDENFIELD LN,536
GOLDENROD RD,517
GOOSEBERRY DR,565
GORDON PL,498
GORDON PL,510
GRACE ST,550
GRACE ST,560
GRAY AVE,489
GRAY AVE,501
GREAT POND WAY,493
GREEN PARK CT,529
GREEN PARK DR,529
GREEN ST,489
GREEN ST,490
GREEN ST,614
GREENBRIAR RD,649
GREENFIELD DR,463
GREENFIELD DR,466
GREENWICH DR,624
GREENWOOD AVE,529
GREENWOOD AVE,530
GREENWOOD RD,493
GREENWOOD RD,505
GREENWOOD RD,516
GREENWOOD RD,517
GREENWOOD RD,529
GREENWOOD RD,542
GREGORY PL,492
GREYSTONE TER,525
GRIM RD,640
GRINDSTONE DR,569
GROCERY AVE,529
GROCERY AVE,530
GROVE CT,624
GROVE ST,501
GROVE ST,502
GROVE ST,614
GUILFORD CT,592
GULLANE CT,598
GULLANE CT,599
H
HACKBERRY DR,587
HACKBERRY DR,588
HACKBERRY DR,597
HACKBERRY DR,598
HACKNEY CT,600
HAINES DR,481
HALF PENNY CT,614
HALIFAX AVE,607
HALIFAX AVE,616
HALIFAX AVE,617
HALIFAX CT,607
HAMILTON CT,616
HAMILTON CT,625
HAMMER CT,617
HAMPTON CT,490
HANDLEY AVE,499
HANDLEY AVE,500
HANDLEY AVE,510
HANDLEY AVE,511
HANDLEY BLVD,511
HANDLEY BLVD,512
HANDLEY DR,466
HANOVCRIAN DR,590
HARMON PL,615
HAROLD CT,516
HAROLD CT,517
HARPER DR,511
HARRISON LN,568
HARRISON ST,523
HARRISON ST,536
HARVARD DR,540
HARVEST DR,523
HARVEST DR,524
HARVEST RIDGE DR,535
HARVEST RIDGE DR,536
HASTING ST,489
HAVEN TER,515
HAVERFORD CT,519
HAWTHORNE DR,487
HAWTHORNE DR,488
HAWTHORNE DR,499
HAYVENHURST CT,632
HEATH CT,532
HEATHROW LN,491
HELEN CIR,517
HENRY AVE,512
HENRY AVE,524
HENRY AVE,525
HERITAGE DR,565
HETH PL,498
HICKORY HILL DR,597
HICKORY LN,470
HICKORY LN,471
HIGH ST,645
HIGHCLIFFE DR,518
HIGHCLIFFE DR,519
HIGHLAND AVE,489
HIGHLAND AVE,501
HIGHLANDER RD,625
HIGHLANDER RD,624
HIGHPOINTE CT,505
HIGHVIEW AVE,604
HIGHVIEW AVE,605
HIGHVIEW AVE,614
HIGHVIEW CIR,514
HILL VALLEY DR,505
HILLANDALE LN,572
HILLANDALE LN,573
HILLANDALE LN,579
HILLCREST ALY,536
HILLMAN DR,523
HILLMAN DR,524
HILLSIDE DR,649
HILLSIDE DR,653
HILLSIDE TER,536
HILLTOP TER,503
HILLTOP TER,515
HITES RD,642
HITES ST,505
HOCKMAN AVE,536
HOCKMAN CT,577
HOLIDAY DR,525
HOLLINGSWORTH DR,513
HOLLINGSWORTH DR,526
HOLLINGSWORTH PL,513
HOMER DR,497
HOMER DR,509
HONEY CREEK CIR,588
HONEYSUCKLE LN,523
HOOD WAY,572
HOPE DR,536
HOPE DR,537
HOSPITAL ENTER RAMP N,476
HOSPITAL ENTER RAMP S,476
HOSPITAL EXIT RAMP N,476
HOSPITAL EXIT RAMP S,476
HOSPITAL RD,476
HOSPITAL RD,485
HOSPITAL RD,486
HUDSON HOLLOW RD,627
HUDSON HOLLOW RD,636
HUME CT,618
HUNTCREST CIR,515
HUNTCREST CIR,516
HUNTER RUN RD,504
HUNTER RUN RD,516
HUNTERSRIDGE RD,528
HYDE CT,615
I
I81 N,474
I81 N,481
I81 N,491
I81 N,503
I81 N,514
I81 N,515
I81 N,526
I81 N,527
I81 N,538
I81 N,539
I81 N,551
I81 N,560
I81 N,561
I81 N,567
I81 N,572
I81 N,573
I81 N,578
I81 N,579
I81 N,586
I81 N,596
I81 N,606
I81 N,605
I81 N,615
I81 N,623
I81 N,624
I81 N,631
I81 N,632
I81 N,637
I81 N,647
I81 N,650
I81 N,651
I81 N,653
I81 N,654
I81 S,474
I81 S,481
I81 S,491
I81 S,502
I81 S,503
I81 S,514
I81 S,526
I81 S,527
I81 S,538
I81 S,539
I81 S,551
I81 S,560
I81 S,561
I81 S,567
I81 S,572
I81 S,573
I81 S,578
I81 S,579
I81 S,586
I81 S,596
I81 S,606
I81 S,605
I81 S,615
I81 S,623
I81 S,624
I81 S,631
I81 S,632
I81 S,637
I81 S,647
I81 S,650
I81 S,651
I81 S,652
I81 S,653
I81 S,654
"I81, ACCESS",526
"I81, ACCESS",539
"I81, ACCESS",579
IAN CT,617
IDEWILD ST,645
IDYLWOOD DR,515
IMBODEN DR,491
IMPERIAL ST,560
IMPERIAL ST,561
INDIAN HOLLOW RD,464
INVERLEE WAY,541
INVERLEE WAY,554
ISAAC ST,487
IVORY DR,617
IVY HILL CT,599
IVY HILL CT,600
IVY ST,511
IVY ST,512
J
JACKSON AVE,479
JADE CT,588
JASMINE CT,588
JASON DR,634
JEFFERSON CT,616
JEFFERSON CT,617
JEFFERSON ST,511
JEFFERSON ST,512
JIGSAW PL,537
JOHNSTON CT,510
JOHNSTON DR,481
JOHNSTON DR,491
JOIST HITE ST,500
JONES ST,559
JOURNEYMAN LN,629
JUBAL EARLY DR,510
JUBAL EARLY DR,511
JUBAL EARLY DR,524
JUBAL EARLY DR,525
JUBAL EARLY DR,526
JUBAL EARLY DR,539
JUDY DR,560
JUDY DR,567
JULASAR DR,531
JULEE DR,506
JULEE DR,507
JULEE DR,519
JUSTES DR,575
JUSTES DR,576
JUTLAND CT,600
K
KABARDIN CT,600
KAPOK CIR,532
KARAKUL CT,607
KASSIE LN,528
KATHY CT,485
KATHY CT,486
KAVANAUGH DR,578
KAY CT,530
KEATING DR,486
KEMPER CT,494
KEMPER CT,495
KENNEDY DR,549
KENT CIR,525
KENT ST,479
KENT ST,489
KERN CIR,615
KERN LN,489
KERN ST,489
KERNSTOWN COMMONS BLVD,578
KERNSTOWN COMMONS BLVD,579
KERNSTOWN CT,549
KERNSTOWN CT,559
KERSHAW LN,510
KESWICK CT,527
KESWICK CT,540
KEVERNE CT,608
KEVIN CT,479
KILLANEY CT,541
KILLDEER RD,596
KILLDEER RD,606
KIMBALL CT,492
KIMBERLY WAY,502
KINGSLAND CT,527
KINGSLEY DR,519
KINROSS DR,528
KINROSS DR,541
KINTYRE LN,599
KINZEL DR,502
KNIGHT DR,601
KNIGHT DR,611
KNOLLWOOD CT,559
KNOLLWOOD CT,566
L
L.P. HILL DR,526
LACOSTA CT,508
LADDERBACK CT,565
LADDERBACK CT,566
LADYSLIPPER DR,518
LADYSLIPPER DR,530
LADYSLIPPER DR,531
LADYSMITH DR,608
LADYSMITH DR,618
LAFAYETTE PL,488
LAKE DR,549
LAKE SEVER DR,493
LAKE WISDOM DR,492
LAKE WISDOM DR,493
LAKERIDGE CT,587
LAKERIDGE DR,587
LAKESIDE DR,597
LAKESIDE DR,598
LAKESIDE DR,599
LAKEVIEW CIR,627
LAKEVIEW CIR,635
LAKEVIEW CIR,636
LAKEVIEW CT,588
LAKEWOOD DR,598
LAMBDEN AVE,511
LAMBDEN AVE,512
LAMBDEN AVE,525
LANDAIS CT,600
LANDGRANT LN,618
LANDGRANT LN,627
LANE ST,598
LANNY CIR,487
LANNY DR,477
LANNY DR,487
LAREDO CT,600
LARIAT CT,600
LATANE ST,500
LATIGO CT,610
LAUCK DR,471
LAURA DR,605
LAUREL HILL DR,597
LAUREL HILL DR,598
LAUREL LN,649
LAURELWOOD DR,570
LAURELWOOD DR,575
LAURELWOOD DR,576
LAZY HOLLOW LN,640
LAZY HOLLOW LN,641
LEAFIELD CT,552
LEE AVE,479
LEE ST,500
LEGACY CT,587
LEGGE BLVD,538
LEGGE BLVD,551
LEWIS CIR,515
LEWIS ST,511
LEWIS ST,524
LEXINGTON CT,616
LEXINGTON CT,617
LEXINGTON CT,625
LIBERTY AVE,489
LIGHTHOUSE LN,504
LIGHTHOUSE LN,516
LIKENS WAY,517
LIKENS WAY,518
LILAC LN,555
LILYS WAY,517
LILYS WAY,518
LIMESTONE CT,536
LIMESTONE CT,549
LINCOLN ST,501
LINDEN DR,476
LINDEN DR,477
LINDEN DR,486
LINE DR,627
LINWOOD CT,624
LIPIZZANER CT,589
LISAS DR,492
LITTLE RIVER DR,504
LITTLE RIVER DR,516
LLOYDS RD,517
LLOYDS RD,518
LOCKHART CIR,481
LOCUST AVE,479
LOCUST ST,614
LOCUST ST,615
LOMAX DR,523
LOMAX DR,524
LONDON DOWNS CIR,599
LONG GREEN LN,461
LONG GREEN LN,464
LONGCROFT RD,569
LONGSTREET AVE,490
LONGVIEW AVE,551
LOST POND CT,654
LOWRY DR,526
LOYALTY CT,549
LUCY LONG CT,608
LUCY LONG CT,609
LUDLOW DR,540
LUGANO PL,492
LUNETTE ST,470
LYNN DR,608
LYNNEHAVEN DR,518
LYNNEHAVEN DR,531
M
MACEDONIA CHURCH RD,598
MACEDONIA CHURCH RD,600
MACEDONIA CHURCH RD,608
MACEDONIA CHURCH RD,609
MACEDONIA CHURCH RD,610
MACKENZIE LN,494
MACKENZIE LN,495
MACKENZIE LN,507
MADIGAN LN,530
MAGRUDER CT,498
MAGRUDER CT,510
MAHONE DR,498
MAIN ST,605
MAIN ST,614
MAIN ST,615
MAIN ST,623
MAIN ST,646
MAIN ST,649
MAIN ST,650
MAITLAND CT,527
MALL RD,525
MALL RD,526
MALL RD,538
MALL RD,539
MALOY DR,530
MALOY DR,542
MALOY DR,543
MAPLE ST,502
MARATHON DR,578
MARATHON DR,586
MARCEL DR,610
MARCEL DR,620
MARGARET LN,469
MARGARET LN,470
MARGARET LN,477
MARGATE CT,527
MARION ST,477
MARION ST,487
MARK DR,650
MARLBORO RD,602
MARLBORO RD,603
MARLBORO RD,604
MARLBORO RD,614
MARLISE LN,517
MARLISE LN,530
MARRIOTT DR,485
MARTIN DR,503
MARTIN DR,504
MARTIN ST,614
MARTIN ST,615
MARTINSBURG PIKE,472
MARTINSBURG PIKE,473
MARTINSBURG PIKE,479
MARYLAND DR,609
MASON ST,544
MASSANUTTEN DR,650
MASSANUTTEN TER,536
MASSIE DR,515
MASSIE DR,528
MASSIE DR,529
MASSIE ST,605
MASTERS LN,511
MATE CT,570
MATTHEW CT,492
MAVERICK CT,600
MAY CIR,518
MCCLURE WAY,569
MCCLURE WAY,570
MCCUNE RD,648
MCGUIRE RD,462
MCGUIRE RD,463
MCNEIL PL,491
MEADE DR,515
MEADE DR,528
MEADOW BRANCH AVE,498
MEADOW BRANCH AVE,510
MEADOW CT,536
MEADOW LN,535
MEADOW MILLS RD,648
MEADOW TRACE LN,643
MEADOW TRACE LN,646
MEADOWBROOKE DR,625
MEADOWBROOKE DR,624
MEADOWBROOKE PL,529
MEADOWBROOKE PL,542
MEADOWLARK CT,529
MEADOWLARK CT,542
MEADOWLARK LN,625
MEADOWLARK LN,624
MEADOWVIEW CT,529
MEDICAL CIR,487
MELISSA AVE,569
MELISSA AVE,570
MELVOR LN,510
MELVOR LN,523
MERLOT DR,494
MERLOT DR,506
MERRIFIELD LN,508
MERRIFIELD LN,521
MERRIMANS LN,486
MERRIMANS LN,497
MERRIMANS LN,509
MERRIMANS LN,508
MERRIMANS LN,521
MERRIMANS PL,497
MESQUITE CT,532
MESQUITE CT,545
MEWS LN,560
MIDDLE RD,536
MIDDLE RD,548
MIDDLE RD,549
MIDDLE RD,547
MIKEY CT,535
MIKEY CT,536
MILAM DR,516
MILAM DR,529
MILL LN,586
MILL RACE DR,506
MILL RACE DR,507
MILL RACE DR,519
MILL STONE CIR,519
MILLBROOK DR,493
MILLBROOK DR,505
MILLER ST,511
MILLER ST,512
MILLWOOD AVE,512
MILLWOOD AVE,525
MILLWOOD AVE,526
MILLWOOD ENTER RAMP S,526
MILLWOOD ENTER RAMP S,539
MILLWOOD EXIT RAMP N,539
MILLWOOD EXIT RAMP S,539
MILLWOOD PIKE,526
MILLWOOD PIKE,539
MILLWOOD PIKE,540
MILLWOOD PIKE,541
MILLWOOD PIKE,554
MILLWOOD PIKE,555
MILROY CT,477
MIMOSA DR,597
MINERAL ST,645
MINERAL ST,646
MINIE BALL CT,649
MOFFETT DR,511
MOLDEN DR,502
MONET TER,531
MONROES CIR,506
MONTAGUE AVE,511
MONTAGUE AVE,512
MONTAGUE CIR,512
MONTAGUE CIR,525
MONTGOMERY CIR,607
MONTGOMERY CIR,617
MONTGOMERY CIR,618
MONTICELLO SQ,516
MONTICELLO ST,559
MORELAND DR,479
MORGAN CT,607
MORGAN MILL RD,494
MORGAN MILL RD,506
MORGAN ST,488
MORGAN ST,500
MORLYN DR,494
MORLYN DR,506
MORLYN DR,507
MORNING GLORY DR,532
MORNING GLORY DR,545
MORNINGSIDE DR,479
MOSBY ST,511
MOSS CT,598
MOUNTAIN ASH CT,607
MOUNTAIN ASH CT,608
MOUNTAIN VIEW LN,535
MULBERRY CIR,598
MULBERRY CT,615
MULBERRY RUN CT,615
MULBERRY ST,614
MULBERRY ST,615
MULBERRY ST,623
MULBERRY TER,615
MULLIGAN LN,492
MUMMERT CIR,477
MURPHY CT,531
MUSE DR,481
MUSE DR,491
MUSKET DR,586
MUSKOKA CT,562
MYRTLE AVE,486
MYRTLE AVE,487
MYSTIC CT,588
N
N BRADDOCK ST,479
N BRADDOCK ST,488
N BRADDOCK ST,489
N BRADDOCK ST,500
N BUCKTON RD,647
N BUCKTON RD,651
N CAMERON ST,479
N CAMERON ST,489
N CAMERON ST,500
N CAMERON ST,501
N EAST LN,501
N EUCLID AVE,501
N EUCLID AVE,502
N FREDERICK ENTER RAMP N,465
N FREDERICK ENTER RAMP N,470
N FREDERICK ENTER RAMP S,469
N FREDERICK ENTER RAMP S,470
N FREDERICK EXIT RAMP N,469
N FREDERICK EXIT RAMP N,470
N FREDERICK EXIT RAMP S,470
N FREDERICK PIKE,464
N FREDERICK PIKE,469
N FREDERICK PIKE,470
N FREDERICK PIKE,471
N FREDERICK PIKE,478
N INDIAN ALY,500
N KENT ST,489
N KENT ST,501
N LOUDOUN ST,479
N LOUDOUN ST,488
N LOUDOUN ST,489
N LOUDOUN ST,500
N PLEASANT VALLEY  ST,501
N PLEASANT VALLEY  ST,502
N PLEASANT VALLEY RD,501
N PLEASANT VALLEY ST,490
N PLEASANT VALLEY ST,502
N PURCELL AVE,502
N PURCELL AVE,514
N STEWART ST,500
N WASHINGTON ST,500
NARROW LN,578
NASSAU DR,518
NATIONAL AVE,501
NATIONAL AVE,502
NATURE DR,587
NATURE DR,597
NAZARENE DR,535
NAZARENE DR,548
NELLIE GRAY CT,609
NESCLIFFE CT,531
NESTER DR,510
NESTER DR,511
NETHERFIELD CT,562
NEW KENT CT,607
NEW MARKET DR,609
NEWTOWN CT,615
NIGHTBIRD WAY,624
NIGHTINGALE AVE,596
NIGHTINGALE AVE,606
NIGHTINGALE AVE,607
NORFOLK CT,532
NORFOLK CT,533
NORTH SECTOR,476
NORTH SECTOR CT,476
NORTH SECTOR CT,477
NORTHWESTERN ENTER RAMP,485
NORTHWESTERN ENTER RAMP,497
NORTHWESTERN EXIT RAMP,485
NORTHWESTERN EXIT RAMP,497
NORTHWESTERN PIKE,485
NORTHWESTERN PIKE,484
NORWICH CT,632
NOTTOWAY DR,616
NOTTOWAY DR,625
NUTMEG LN,565
NUTMEG LN,566
O
OAK RIDGE DR,597
OAK RIDGE DR,598
OAK RIDGE LN,527
OAK RIDGE LN,528
OAK SIDE LN,471
OAKMONT CIR,544
OAKWOOD CT,550
OBRIENS CIR,505
OHIO AVE,489
OKEEFE DR,497
OLD DOMINION DR,490
OLD FORT RD,477
OLD WAGON RD,506
OMNI CT,606
OMPS DR,486
OMPS ST,486
OMPS ST,487
OPEQUON AVE,501
OPEQUON AVE,513
OPEQUON AVE,525
OPEQUON AVE,526
OPEQUON CHURCH LN,559
OPEQUON CT,513
ORCHARD AVE,502
ORCHARD AVE,503
ORCHARD HILL DR,523
ORCHARD LN,509
ORCHARD LN,508
ORCHARD LN,522
ORCHID CT,517
ORIOLE DR,607
ORION CT,517
ORKNEY DR,527
ORKNEY DR,528
OVERVIEW CT,624
OWENS LN,609
OXFORD CT,607
P
PACKER ST,550
PACKER ST,560
PAGE CT,601
PAN TOPS DR,615
PANGBORNE CT,532
PANMURE LN,609
PAPERMILL RD,537
PAPERMILL RD,550
PAPERMILL RD,560
PAPERMILL RD,561
PAPERMILL RD,568
PAPERMILL RD,574
PAPERMILL RD,575
PARADISE CT,586
PARADISE CT,587
PARIS CT,619
PARK CENTER DR,473
PARK CENTER DR,474
PARK CENTER DR,480
PARK CENTER DR,481
PARK DR,627
PARK DR,636
PARKINS LN,508
PARKINS LN,521
PARKSIDE DR,504
PARKVIEW ST,526
PARKWAY ST,501
PARKWAY ST,513
PARKWOOD CIR,530
PARKWOOD CIR,531
PARRISH LN,500
PASSAGE LN,593
PASSAGE LN,594
PASSAGE LN,603
PASSAGE LN,604
PASSAGE RD,593
PASSAGE RD,594
PASSAGE RD,603
PASTURE LN,567
PASTURE LN,568
PASTURE LN,573
PASTURE LN,574
PATRICK PL,617
PATSY CLINE BLVD,538
PATTERSON AVE,502
PAW PAW CT,478
PEACE AND PLENTY LN,632
PEACE AND PLENTY LN,638
PEACE AND PLENTY LN,639
PEBBLE BROOK LN,504
PEBBLE BROOK LN,505
PEGASUS CT,563
PEMBERTON DR,523
PEMBERTON DR,524
PEMBRIDGE DR,527
PEMBRIDGE DR,540
PENDERBROOK CT,599
PENDLETON DR,564
PENNSYLVANIA AVE,478
PENNSYLVANIA AVE,479
PENNSYLVANIA AVE,488
PEPPERTREE LN,537
PEPPERTREE LN,550
PERIDOT PL,617
PERIWINKLE PL,619
PERRYVILLE CT,609
PERRYVILLE CT,619
PEYTON ST,488
PHILPOT ST,501
PICKET LN,579
PICKET LN,587
PIEDMONT WAY,609
PIKESIDE LN,506
PILOT CIR,562
PIN OAK LN,549
PIN OAK LN,559
PINE RD,495
PINE ST,502
PIONEERS RD,505
PITTMAN CT,614
PLAINFIELD DR,566
PLANKWOOD CT,634
PLANTATION DR,531
PLANTATION DR,544
PLAZA DR,524
PLAZA DR,525
PLEASANT VALLEY RD,550
PLEASANT VALLEY RD,560
PLEASANT VIEW AVE,650
PLUM CT,625
PLYMOUTH ST,605
PLYMOUTH ST,615
POCONO PL,597
PONDVIEW DR,477
POPPY DR,619
PORTRUSH LN,599
POTOMAC PL,516
PREMIER PL,552
PRESTWICK LN,599
PRICE DR,527
PRICE DR,540
PRICHARDS HILL CT,549
PRIMROSE PL,532
PRINCE FREDERICK DR,540
PRINCE FREDERICK DR,553
PRINCE GEORGE PL,511
PRINCESS CT,511
PRINCETON DR,540
PROSPERITY DR,578
PROVIDENCE DR,505
PROVIDENCE DR,506
PROVIDENCE DR,518
PURCELL LN,471
PURDUE DR,540
PYRAMID DR,492
Q
QUARTZITE CIR,549
QUEENS WAY,608
QUIGLEY CT,570
QUINTON OAKS CIR,599
R
RABBIT LN,604
RABBIT LN,614
RACE ST,489
RACEY RIDGE DR,506
RADFORD CT,619
RAINVILLE RD,620
RALEIGH CT,501
RALEIGH CT,502
RALPH SHOCKEY DR,526
RALPH SHOCKEY DR,527
RALPH SHOCKEY DR,540
RAMSEUR LN,498
RAMSEUR LN,510
RANDOLPH PL,523
RANDOLPH PL,524
RANGE CT,532
RANGE CT,545
RAVEN CT,624
RAVEN RD,596
RAVEN RD,606
RAVENWOOD RD,604
RAVENWOOD RD,614
RAWLINGS AVE,490
REAMS STATION CT,619
REAVES ST,511
REAVES ST,524
REBECCA DR,518
REBELS CIR,506
REDBUD RD,474
REDBUD RD,483
REDBUD RD,494
REDBUD RD,495
REDWOOD LN,471
REED DR,479
REEDVILLE CT,618
REGENCY LAKES DR,492
REGENCY LAKES DR,504
RELIANCE ENTER RAMP N,651
RELIANCE ENTER RAMP S,650
RELIANCE EXIT RAMP N,650
RELIANCE EXIT RAMP N,651
RELIANCE EXIT RAMP S,650
RELIANCE EXIT RAMP S,651
RELIANCE RD,646
RELIANCE RD,650
RELIANCE RD,651
REMEY AVE,541
RENEE LN,518
RETAIL BLVD,484
RICHARDS AVE,479
RICHWOOD CT,599
RICKETTS DR,525
RIDGE AVE,487
RIDGE CT,470
RIDGE RD,516
RIDGE RD,529
RIDGECREST CT,559
RIDGECREST CT,566
RIDGEFIELD AVE,624
RIDGETOP CT,548
RIDGETOP CT,549
RIFLEMEN LN,514
RIVENDELL CT,470
ROBERTS ST,511
ROBERTS ST,524
ROBIN AVE,596
ROBIN AVE,606
ROBYN TER,536
ROCK HARBOR DR,497
ROCK HARBOR DR,496
ROCK HARBOR DR,508
ROCKBRIDGE RD,607
ROCKLAND DR,549
RODES CIR,498
ROMNEY PL,607
ROOSEVELT BLVD,537
ROSA LN,576
ROSEDALE DR,598
ROSEWOOD LN,559
ROSEWOOD LN,566
ROSIE CT,617
ROSS ST,503
ROSSER LN,510
ROSSER LN,523
ROSSMANN BLVD,531
ROSSUM LN,544
ROSZEL RD,499
ROUND HILL RD,484
ROUSS AVE,500
ROWE LN,614
ROYAL AVE,552
ROYAL ST,561
RT37 ENTER RAMP N,572
RT37 ENTER RAMP N,579
RT37 ENTER RAMP S,579
RT37 EXIT RAMP N,579
RT37 EXIT RAMP S,572
RT37 EXIT RAMP S,579
RT37 N,465
RT37 N,466
RT37 N,467
RT37 N,469
RT37 N,470
RT37 N,476
RT37 N,485
RT37 N,486
RT37 N,497
RT37 N,509
RT37 N,508
RT37 N,521
RT37 N,534
RT37 N,572
RT37 N,579
RT37 S,465
RT37 S,466
RT37 S,467
RT37 S,469
RT37 S,470
RT37 S,476
RT37 S,485
RT37 S,486
RT37 S,497
RT37 S,509
RT37 S,508
RT37 S,521
RT37 S,534
RT37 S,572
RT37 S,579
"RT37, ACCESS",470
RUGBY PL,470
RUSSELCROFT RD,550
RUTHERFORD LN,586
RYCO LN,540
S
S  WARRIOR DR,626
S BRADDOCK ST,500
S BRADDOCK ST,512
S BRADDOCK ST,525
S BUCKTON RD,650
S BUCKTON RD,651
S BUCKTON RD,654
S CAMERON ST,500
S CAMERON ST,512
S EAST LN,501
S EUCLID AVE,501
S EUCLID AVE,513
S INDIAN ALY,500
S KENT ST,500
S KENT ST,501
S KENT ST,512
S KENT ST,525
S LOUDOUN ST,500
S LOUDOUN ST,512
S LOUDOUN ST,525
S LOUDOUN ST,537
S LOUDOUN ST,538
S PARRISH LN,500
S PLEASANT VALLEY RD,501
S PLEASANT VALLEY RD,513
S PLEASANT VALLEY RD,525
S PLEASANT VALLEY RD,526
S PLEASANT VALLEY RD,537
S PLEASANT VALLEY RD,538
S PLEASANT VALLEY RD,550
S STEWART ST,500
S STEWART ST,512
S WASHINGTON ST,500
S WASHINGTON ST,512
SADI CT,608
SAINT ANDREWS CT,508
SALEM CHURCH RD,637
SALVO CIR,471
SANCTUARY PL,617
SARATOGA DR,549
SARATOGA DR,559
SARVIS CT,608
SCARLET MAPLE DR,471
SCARLET MAPLE DR,478
SCENIC CIR,515
SCHOOL ST,614
SCHOOL ST,623
SCIROCCO LN,503
SCIROCCO LN,504
SCOTT ST,477
SEABREEZE LN,503
SEABREEZE LN,515
SECOND ST,550
SECOND ST,560
SECOND ST,649
SECOND ST,650
SELDON DR,510
SELDON DR,511
SELMA DR,488
SELMA DR,500
SENSENEY AVE,649
SENSENEY AVE,650
SENSENY GLEN DR,532
SENSENY GLEN DR,545
SENSENY RD,514
SENSENY RD,515
SENSENY RD,528
SENSENY RD,529
SENSENY RD,530
SENSENY RD,531
SENSENY RD,544
SENSENY RD,545
SENSENY RD,546
SENTINEL DR,471
SENTINEL DR,472
SENTRY CT,471
SENTRY CT,472
SERVICE RD,524
SESAR CT,530
SESAR CT,531
SETTLERS CIR,506
SHADY ELM RD,565
SHADY ELM RD,577
SHADY ELM RD,585
SHANNON CT,521
SHANNON CT,534
SHARP ST,501
SHAWN DR,650
SHAWNEE AVE,501
SHAWNEE AVE,513
SHAWNEE DR,559
SHAWNEE DR,560
SHAWNEE DR,561
SHAWNEE DR,566
SHAWNEE DR,567
SHEFFIELD CT,550
SHELBY CT,569
SHENANDOAH AVE,501
SHENANDOAH AVE,513
SHENANDOAH PL,513
SHEPHERDS CT,607
SHERANDO CIR,617
SHERANDO LN,634
SHERANDO LN,635
SHERANDO LN,640
SHERDIAN AVE,511
SHERLOCK ST,489
SHIRAZ CT,494
SHIRLEY ST,500
SHOCKEY CIR,527
SHOCKEY CIR,528
SHOE BUCKLE CT,614
SHORT ST,481
SHUMARD CT,607
SHUMARD CT,608
SITLINGTONS HILL CT,608
SITLINGTONS HILL CT,609
SIXTH ST,649
SIXTH ST,653
SIXTH ST,654
SKIRMISHER LN,646
SKIRMISHER LN,647
SKYJES LN,577
SKYLARK CT,609
SLIPPERY ELM DR,607
SLIPPERY ELM DR,608
SMITH DR,491
SMITH DR,492
SMITHFIELD AVE,480
SMITHFIELD AVE,489
SMITHFIELD AVE,490
SMITHFIELD AVE,501
SMOKE HOUSE CT,614
SNYDER LN,559
SOMERSET DR,587
SOMERSET DR,588
SOMERSET DR,598
SOMERSET ST,540
SOMERTON CT,599
SONOMA CT,608
SORRELL CT,549
SOUTH ST,501
SOUTHAMPTON CT,617
SOUTHDOWN CIR,607
SPANISH OAK RD,608
SPAULDING DR,490
SPENCER SQ,550
SPLASH AVE,626
SPLASH AVE,627
SPOTSWOOD CT,636
SPRING HOUSE CT,510
SPRING ST,525
SPRING ST,526
SPRINGDALE RD,586
SPRINGDALE RD,584
SPRINGDALE RD,585
SPRINGDALE RD,593
SPRUCE ST,502
SQUIRE LN,601
SQUIRREL LN,604
SQUIRREL LN,614
STAFFORD DR,528
STAFFORD DR,529
STANELY DR,541
STANLEY CIR,540
STANLEY CIR,541
STANLEY DR,541
STAR FORT DR,479
STEELE CT,615
STEEPLECHASE LN,529
STEEPWOOD LN,507
STEPHENS CT,605
STEPHENS RUN ST,614
STEPHENS RUN ST,623
STERLING DR,510
STERLING DR,523
STICKLEY DR,623
STICKLEY DR,624
STINE LN,472
STIRRUP CUP CIR,529
STONE HOUSE CT,509
STONE MEADOW CT,549
STONE MEADOW CT,550
STONE MILL CT,497
STONE MILL CT,509
STONEGATE DR,550
STONEHENGE RD,550
STONELEIGH DR,523
STONELEIGH RD,523
STONERIDGE DR,536
STONEWALL AVE,500
STONEWALL DR,484
STRATFORD DR,491
STRODE MCLEOD LN,602
STRODE MCLEOD LN,612
STRODE MCLEOD LN,621
STROTHERS LN,488
STUMP CT,625
SUFFOLK CIR,607
SUGAR CREEK CT,588
SULGRAVE CT,552
SULGRAVE CT,562
SULKY DR,578
SULKY DR,586
SULLY CT,523
SULPHUR SPRING RD,555
SULPHUR SPRING RD,556
SULPHUR SPRING RD,557
SUMMER LAKE DR,587
SUMMERFIELD DR,528
SUMMERFIELD DR,541
SUMMERFIELD LN,523
SUMMIT AVE,560
SUMMIT AVE,561
SUMPTER ST,536
SUNNYSIDE DR,471
SUNNYSIDE PLAZA DR,470
SUNSET DR,531
SUNSET DR,544
SUNSHINE DR,544
SUPERIOR AVE,551
SUPERIOR AVE,561
SUPLHUR SPRING RD,555
SURREY CLUB LN,587
SURREY CLUB LN,597
SUSSEX CIR,617
SUTTON CT,491
T
TADPOLE LN,610
TADPOLE LN,620
TAFT AVE,536
TAFT AVE,537
TAFT CIR,537
TAGGART DR,541
TAILSPIN CIR,570
TAILSPIN CIR,571
TALAMORE DR,599
TALAMORE DR,609
TAMARACK CIR,532
TANAGER DR,606
TANAGER DR,607
TANGLEWOOD LN,566
TARGEE PL,607
TASKER RD,578
TASKER RD,579
TASKER RD,586
TASKER RD,587
TASKER RD,597
TASKER RD,598
TASKER RD,608
TASKER RD,609
TASKER RD,610
TASKER RD,620
TATTERSALL CT,599
TAYLOR GRACE CT,523
TAYLOR PL,523
TAYLOR PL,524
TEABERRY DR,517
TEABERRY DR,530
TENNYSON AVE,499
TENNYSON AVE,511
TERN AVE,596
TERN AVE,606
TEVIS ST,536
TEVIS ST,537
TEVIS ST,550
TEY CT,541
THEATER LN,631
THIRD ST,645
THIRD ST,649
THIRD ST,650
THOMAS CT,479
THOMPSON CT,532
THWAITE LN,464
THWAITE LN,468
THWAITE LN,469
TICK HILL LN,545
TILFORD DR,531
TILGHMAN LN,523
TIMBERLAKE TER,587
TIMBERLAKE TER,597
TINOAK DR,607
TOWER AVE,523
TOWER AVE,536
TOWN RUN LN,615
TOWN RUN LN,623
TOWN RUN LN,624
TOWN RUN LN,631
TOWN RUN LN,632
TOWNSHIP CT,624
TRADE WIND LN,504
TRAVIS CT,569
TRAVIS CT,570
TREETOPS LN,549
TREETOPS LN,559
TREFOIL CT,517
TRENT CT,569
TRENT CT,570
TREYS DR,510
TREYS DR,511
TRUMPET VINE DR,619
TRUNK DR,625
TRUNK DR,634
TRUNK DR,633
TUCKS CIR,505
TUDOR DR,470
TUDOR DR,477
TULANE DR,540
TUNIS CT,607
TURNBERRY CT,599
TWIGG CT,634
TWIN HILL CIR,515
TWINBROOK CIR,545
TYLER CT,598
TYSON DR,467
U
UMPIRE LN,544
UNDERWOOD LN,528
UNIVERSITY DR,526
UPPERVILLE DR,608
UPPERVILLE DR,618
V
VALE CT,545
VALLEY AVE,511
VALLEY AVE,512
VALLEY AVE,524
VALLEY AVE,536
VALLEY AVE,537
VALLEY AVE,549
VALLEY AVE,559
VALLEY ENTER RAMP S,578
VALLEY ENTER RAMP S,579
VALLEY EXIT RAMP N,572
VALLEY EXIT RAMP N,579
VALLEY MILL RD,503
VALLEY MILL RD,504
VALLEY MILL RD,505
VALLEY MILL RD,517
VALLEY MILL RD,518
VALLEY MILL RD,519
VALLEY MILL RD,520
VALLEY PIKE,559
VALLEY PIKE,566
VALLEY PIKE,572
VALLEY PIKE,578
VALLEY PIKE,579
VALLEY PIKE,586
VALLEY PIKE,585
VALLEY PIKE,595
VALLEY PIKE,605
VALLEY PIKE,622
VALLEY PIKE,623
VALLEY PIKE,630
VALLEY PIKE,631
VALLEY PIKE,646
VALLEY PIKE,647
VALLEY PIKE,649
VALLEY PIKE,652
VALLEY PIKE,653
VALOR DR,537
VAN BUREN CT,505
VAN BUREN PL,505
VAN BUREN PL,517
VAN COUVER ST,511
VAN FOSSEN ST,489
VAN FOSSEN ST,490
VAN FOSSEN ST,501
VAN GOGH TER,531
VANCERIGHT CIR,511
VASSAR CIR,527
VDOT LN,615
VDOT LN,624
VELVET WALL WAY,624
VETERANS RD,642
VETERANS RD,644
VETERANS RD,645
VETERANS RD,648
VETERANS RD,649
VICTORY RD,564
VICTORY RD,571
VILLAGE CT,515
VILLAGE CT,528
VILLAGE LN,607
VINCENT DR,598
VINCENT DR,599
VINE LN,569
VINE LN,570
VIRGINIA AVE,501
VIRGINIA AVE,502
VIRGINIA DR,641
W
W BOND ST,512
W BOSCAWEN ST,500
W BROOKE RD,473
W BROOKE RD,480
W CECIL ST,499
W CECIL ST,500
W CLIFFORD ST,499
W CLIFFORD ST,500
W COMMERCIAL ST,488
W COMMERCIAL ST,489
W CORK ST,499
W CORK ST,500
W FAIRFAX LN,488
W FAIRFAX LN,500
W FOWLER DR,492
W GERMAIN ST,512
W GERRARD ST,512
W HART ST,512
W JAMES ST,512
W LEICESTER ST,499
W LEICESTER ST,500
W LEICESTER ST,513
W MONMOUTH ST,499
W MONMOUTH ST,500
W MONMOUTH ST,512
W NORTH AVE,488
W NORTH AVE,489
W OATES AVE,478
W OATES AVE,479
W PALL MALL ST,512
W PARKINS MILL RD,590
W PICCADILLY ST,500
W REDOUBT LN,470
W SOUTHWERK ST,512
W WHITLOCK AVE,511
W WHITLOCK AVE,512
W WYCK ST,488
W WYCK ST,489
WADE MILLER DR,526
WAKEFIELD CT,632
WAKELAND DR,598
WAKELAND DR,608
WALES CT,518
WALES CT,519
WALES CT,531
WALKER CT,531
WALKER ST,487
WALLS CIR,506
WALMART DR,485
WALMART DR,484
WALNUT LN,605
WALNUT ST,503
WARBLER DR,596
WARBLER DR,606
WARD AVE,485
WARE PL,517
WARE PL,518
WARNER ST,470
WARREN CIR,616
WARRIOR DR,599
WARRIOR DR,608
WARRIOR DR,609
WARRIOR DR,617
WARRIOR DR,618
WARRIOR DR,626
WATER ST,614
WATERFALL WAY,624
WATERFORD LN,504
WATERFORD LN,516
WATSON AVE,489
WAYFARING DR,531
WAYFARING DR,532
WAYLAND DR,497
WAYNE DR,523
WEATHERVANE DR,503
WEATHERVANE DR,504
WEEMS LN,537
WEITZELL PL,497
WELSH CT,609
WELSH CT,610
WENTWORTH DR,549
WENTWORTH DR,550
WEST LN,489
WEST LN,501
WEST ST,501
WEST ST,641
WEST VIEW LN,536
WEST VIRGINA PKWY,491
WEST VIRGINA PKWY,503
WESTBURY PL,470
WESTCHESTER DR,632
WESTMINSTER-CANTERBURY DR,470
WESTMINSTER-CANTERBURY DR,477
WESTMINSTER-CANTERBURY DR,478
WESTMORELAND DR,606
WESTMORELAND DR,616
WESTMORELAND DR,617
WESTSIDE STATION DR,485
WESTSIDE STATION DR,486
WESTWOOD CIR,569
WESTWOOD DR,569
WHARTON CIR,523
WHARTON CIR,524
WHEATFIELD LN,536
WHEATLY LN,511
WHEATLY LN,512
WHIPP DR,532
WHIRLWIND DR,503
WHISTLER CT,497
WHITACRE ST,477
WHITE CLOVER DR,517
WHITE OAK RD,609
WHITE OAK RD,610
WHITE OAK RD,619
WHITE OAK RD,627
WHITE OAK RD,628
WHITE PINE CIR,597
WHITE PINE CIR,598
WHITES PL,503
WHITES PL,515
WHITFIELD CIR,634
WHITTIER AVE,486
WHITTIER AVE,487
WHITTIER AVE,499
WICKHAM TER,531
WICKHAM TER,532
WILD ROSE CIR,514
WILD ROSE CIR,515
WILKINS DR,503
WILKINS DR,514
WILKINS DR,515
WILKINS PL,514
WILLIAMS CIR,471
WILLIAMS PL,471
WILLIAMSON PL,528
WILLIAMSON RD,515
WILLIAMSON RD,528
WILLOW OAK CIR,598
WILLOWBROOK CT,516
WILSON BLVD,537
WILSON BLVD,550
WINCREST DR,552
WINDCHIME LN,504
WINDCREST CIR,504
WINDCREST CIR,516
WINDER CT,498
WINDMILL LN,504
WINDMILL LN,516
WINDSTONE DR,503
WINDSTONE DR,504
WINDWOOD DR,536
WINDY HILL LN,539
WINEBERRY DR,470
WINEBERRY DR,477
WINGATE DR,525
WINNEPEG PL,493
WINNS CIR,506
WINSLOW CT,541
WINTERBERRY CT,528
WINTON LN,598
WINTON LN,608
WINWOOD DR,536
WOLFE ST,500
WOLLASTON DR,492
WOOD AVE,477
WOOD AVE,487
WOOD CIR,477
WOOD RISE LN,557
WOODBERRY LN,537
WOODBURY CT,505
WOODCREST DR,462
WOODCREST DR,465
WOODLAND AVE,502
WOODLAND AVE,503
WOODMAN CT,518
WOODMAN CT,519
WOODRIDGE CT,587
WOODROW RD,517
WOODROW RD,518
WOODROW RD,531
WOODS MILL RD,495
WOODS MILL RD,507
WOODSIDE CIR,624
WOODSIDE LN,466
WOODSIDE PL,465
WOODSTOCK LN,501
WOODSTOCK LN,502
WOODSTOCK LN,503
WOODSTOCK LN,515
WOODTOP CT,624
WOODYS PL,505
WOODYS PL,517
WORSHAM TER,516
WORTHINGTON CT,598
WORTHINGTON CT,599
WRIGHTS RUN LN,629
WYNCOTE CT,609
WYTHE AVE,607
WYTHE AVE,617
X
Y
YALE DR,527
YALE DR,540
YARROW CT,518
YARROW CT,531
YORK AVE,549
YORK AVE,550
YORK AVE,560
YORKTOWNE PL,549
YOUTH DEVELOPMENT LN,566
YOUTH DEVELOPMENT LN,567
Z
ZEPHYR LN,504
